Date;Brent Spot Price (U.S. Dollars per Barrel);WTI Spot Price (U.S. Dollars per Barrel)
2020-08-31;;42.61
2020-08-27;44.84;42.88
2020-08-24;44.43;42.44
2020-08-19;45.21;42.91
2020-08-14;44.86;42.05
2020-08-11;43.68;41.53
2020-08-06;45.04;41.93
2020-07-30;42.98;39.85
2020-07-22;43.98;41.88
2020-07-15;43.96;41.2
2020-07-14;42.97;40.3
2020-07-13;42.85;40.06
2020-06-30;41.64;39.27
2020-06-26;40.97;38.53
2020-06-23;42.72;40.4
2020-06-22;43.2;40.6
2020-06-05;41.0;39.49
2020-05-21;34.78;34.3
2020-05-08;;24.73
2020-05-04;20.4;20.47
2020-04-30;18.11;19.23
2020-04-23;15.06;15.06
2020-04-17;19.75;18.31
2020-04-15;19.8;19.96
2020-04-13;20.23;22.36
2020-04-01;14.97;20.28
2020-03-31;14.85;20.51
2020-03-26;23.55;16.6
2020-03-09;35.33;31.05
2020-03-06;45.6;41.14
2020-03-04;51.86;46.78
2020-03-03;52.24;47.27
2020-03-02;52.52;46.78
2020-02-26;54.96;48.67
2020-02-21;58.6;53.36
2020-02-13;56.34;51.41
2020-01-31;57.77;51.58
2020-01-22;62.11;56.76
2020-01-16;64.63;58.52
2020-01-07;68.74;62.7
2020-01-01;67.77;61.14
2019-12-27;68.91;61.76
2019-12-26;69.26;61.72
2019-12-24;69.26;61.17
2019-12-19;69.7;61.3
2019-12-18;69.12;60.93
2019-12-11;65.37;58.74
2019-12-02;63.2;55.97
2019-11-20;63.8;56.71
2019-11-15;63.32;57.54
2019-11-13;62.27;56.88
2019-11-12;62.19;56.67
2019-10-31;59.3;54.02
2019-10-28;60.39;55.6
2019-10-11;60.59;54.76
2019-10-09;59.7;52.63
2019-10-08;58.14;52.64
2019-09-18;64.29;58.19
2019-09-11;63.02;55.66
2019-08-28;60.42;55.76
2019-08-06;58.63;53.6
2019-07-22;61.96;55.87
2019-07-16;65.87;57.44
2019-07-11;67.64;59.93
2019-06-25;66.24;57.63
2019-06-21;65.99;57.35
2019-06-20;65.44;56.88
2019-06-14;63.13;52.47
2019-06-04;63.56;53.5
2019-05-30;69.55;56.47
2019-05-22;71.94;61.42
2019-05-16;74.7;62.93
2019-05-14;72.53;61.82
2019-04-29;71.22;63.39
2019-04-18;70.71;64.02
2019-04-16;70.74;64.01
2019-04-11;71.3;63.61
2019-04-03;69.21;62.46
2019-04-02;69.68;62.53
2019-03-27;67.35;59.39
2019-03-26;67.51;59.87
2019-03-18;66.65;59.09
2019-03-13;65.89;58.27
2019-03-08;65.66;55.77
2019-03-04;64.44;56.6
2019-02-25;64.02;55.32
2019-02-19;65.86;56.12
2019-02-12;62.58;53.14
2019-02-01;61.86;55.29
2019-01-31;62.46;53.84
2019-01-28;59.71;51.79
2019-01-21;62.18;51.83
2019-01-11;59.24;51.44
2018-12-07;61.71;52.76
2018-12-05;61.4;52.64
2018-11-16;65.29;56.49
2018-11-14;64.88;56.16
2018-11-09;69.01;60.19
2018-10-30;75.68;66.18
2018-10-24;77.34;66.56
2018-10-16;80.53;71.93
2018-09-21;78.9;70.8
2018-09-19;79.43;71.08
2018-09-17;78.22;68.86
2018-09-12;80.02;70.37
2018-08-30;77.05;70.25
2018-08-29;76.07;69.68
2018-08-16;69.21;65.44
2018-08-02;72.95;68.95
2018-07-26;74.51;71.59
2018-07-23;73.45;67.9
2018-07-17;70.87;68.03
2018-07-16;71.03;68.22
2018-07-06;74.98;73.78
2018-06-29;77.44;74.13
2018-06-22;73.67;69.02
2018-06-21;72.87;65.68
2018-06-20;74.25;65.92
2018-06-06;73.23;64.75
2018-05-21;78.34;72.26
2018-05-17;80.09;71.47
2018-04-19;74.85;68.3
2018-04-09;68.19;63.4
2018-04-05;66.54;63.53
2018-04-02;69.02;63.05
2018-03-26;68.81;65.49
2018-03-21;68.15;65.1
2018-03-16;64.68;62.29
2018-03-12;64.53;61.35
2018-03-06;65.67;62.54
2018-03-02;64.26;61.19
2018-02-27;67.59;62.94
2018-02-21;64.81;61.73
2018-01-29;68.41;65.71
2018-01-26;70.08;66.27
2018-01-23;69.81;64.45
2018-01-19;68.56;63.38
2018-01-18;69.48;63.96
2018-01-12;69.64;64.22
2018-01-10;69.79;63.6
2018-01-04;68.73;61.98
2017-12-29;66.73;60.46
2017-12-27;66.03;59.67
2017-12-26;;59.55
2017-12-18;64.45;57.17
2017-12-15;63.81;57.29
2017-12-08;63.86;57.15
2017-12-06;62.25;55.79
2017-11-28;63.56;57.96
2017-11-21;62.28;56.84
2017-11-08;63.96;56.82
2017-11-01;60.98;54.32
2017-10-25;58.45;51.97
2017-10-18;58.05;52.05
2017-10-05;57.09;50.79
2017-09-28;58.8;51.62
2017-09-19;56.58;49.54
2017-09-12;55.06;48.21
2017-09-06;54.48;49.13
2017-08-22;52.29;47.65
2017-08-09;52.16;49.59
2017-07-26;50.08;48.58
2017-07-12;46.73;45.48
2017-07-11;46.68;45.06
2017-07-05;47.58;45.11
2017-06-29;47.02;44.88
2017-06-26;44.09;43.24
2017-06-19;45.93;44.24
2017-06-15;45.61;44.47
2017-05-25;52.25;48.57
2017-05-10;48.09;47.28
2017-04-25;49.37;49.22
2017-04-24;49.45;48.9
2017-03-28;50.72;48.36
2017-03-24;49.97;47.3
2017-03-22;49.56;47.29
2017-03-21;50.14;47.02
2017-03-09;50.65;48.75
2017-02-14;54.96;53.21
2017-02-10;55.2;53.84
2017-02-03;55.92;53.81
2017-01-27;54.8;53.18
2017-01-23;54.8;52.77
2017-01-19;53.18;51.39
2017-01-12;54.51;53.01
2017-01-05;54.99;53.77
2017-01-04;54.57;53.26
2016-12-29;54.95;53.8
2016-12-12;53.99;52.74
2016-12-01;52.28;51.08
2016-11-28;46.64;45.66
2016-11-25;46.32;46.72
2016-11-21;45.96;47.48
2016-11-14;41.83;43.29
2016-11-11;41.61;43.39
2016-11-10;43.67;44.62
2016-11-01;;46.66
2016-10-27;49.13;49.71
2016-10-13;49.29;50.47
2016-09-23;46.71;44.36
2016-09-15;45.83;43.85
2016-09-13;46.48;44.91
2016-09-07;47.0;45.47
2016-08-31;47.94;44.68
2016-08-26;49.66;47.64
2016-08-18;49.46;48.2
2016-08-17;48.58;46.81
2016-08-03;40.45;40.8
2016-07-29;40.76;41.54
2016-07-11;44.04;44.73
2016-07-05;45.64;46.73
2016-06-28;46.29;47.93
2016-06-24;46.69;46.7
2016-06-15;47.47;47.92
2016-06-10;49.7;49.09
2016-06-08;50.73;51.23
2016-05-31;49.26;49.1
2016-05-26;49.52;49.0
2016-05-17;48.71;48.29
2016-05-12;46.43;46.64
2016-05-06;44.6;44.58
2016-04-29;45.64;45.98
2016-04-19;43.02;40.88
2016-04-18;41.64;39.74
2016-04-11;41.58;40.46
2016-04-08;40.71;39.74
2016-04-04;36.05;34.3
2016-03-31;36.75;36.94
2016-03-15;37.49;36.32
2016-03-11;39.41;38.51
2016-03-03;35.75;34.56
2016-03-01;35.73;34.39
2016-02-26;35.76;31.65
2016-02-25;32.83;31.4
2016-02-16;31.09;29.05
2016-02-12;31.8;29.32
2016-02-09;30.15;27.96
2016-02-02;30.98;29.9
2016-01-22;30.46;32.07
2016-01-15;28.8;29.45
2015-12-30;35.65;36.59
2015-12-22;35.26;36.12
2015-12-14;36.51;36.31
2015-12-01;42.97;40.58
2015-11-27;43.07;40.57
2015-11-25;43.56;41.22
2015-11-20;42.49;39.39
2015-11-19;42.22;40.55
2015-11-13;41.98;40.69
2015-11-10;46.44;44.23
2015-11-05;47.19;45.27
2015-11-04;46.96;46.32
2015-11-03;48.0;47.88
2015-10-29;48.04;46.02
2015-10-26;46.57;43.19
2015-10-23;46.3;43.91
2015-10-22;46.59;44.9
2015-10-20;46.93;45.84
2015-10-16;48.96;47.3
2015-10-15;47.87;46.38
2015-09-17;48.27;46.93
2015-09-02;47.67;46.3
2015-08-24;41.59;38.22
2015-08-20;45.63;41.0
2015-08-17;47.77;41.93
2015-08-14;47.79;42.45
2015-08-04;49.08;45.75
2015-07-24;54.29;47.98
2015-07-20;56.42;50.11
2015-07-14;57.2;53.05
2015-07-09;57.83;52.76
2015-07-07;54.72;52.33
2015-06-24;61.63;60.01
2015-06-17;60.75;59.89
2015-06-04;60.34;58.0
2015-05-28;60.12;57.69
2015-05-13;66.33;60.5
2015-05-12;65.09;60.72
2015-05-07;64.93;58.99
2015-04-30;63.9;59.62
2015-04-29;63.97;58.55
2015-04-13;57.14;51.95
2015-04-08;56.42;50.44
2015-03-31;53.69;47.72
2015-03-05;60.33;50.76
2015-02-26;61.39;47.65
2015-02-11;53.48;48.8
2015-02-10;55.79;50.06
2015-01-27;46.55;45.84
2015-01-21;46.5;47.85
2015-01-15;47.66;46.37
2015-01-14;45.82;48.49
2014-12-26;58.72;54.59
2014-12-17;59.84;56.43
2014-12-15;61.09;55.96
2014-12-12;61.67;57.81
2014-12-03;70.13;67.3
2014-12-01;70.87;68.98
2014-11-28;71.89;65.94
2014-11-19;77.21;74.55
2014-11-05;82.88;78.71
2014-10-29;86.91;82.25
2014-10-10;88.66;85.87
2014-10-09;90.47;85.76
2014-09-19;96.75;92.43
2014-09-12;96.31;92.18
2014-09-11;96.42;92.89
2014-09-10;96.26;91.71
2014-08-28;100.71;96.44
2014-08-25;100.49;95.39
2014-08-14;101.15;95.54
2014-08-13;102.27;97.57
2014-08-04;103.63;98.26
2014-07-24;105.78;102.76
2014-07-21;105.71;105.34
2014-07-07;108.7;104.19
2014-07-02;110.18;105.18
2014-06-25;112.84;107.04
2014-06-24;113.74;106.64
2014-06-23;113.62;106.83
2014-06-13;113.15;107.49
2014-06-06;109.21;103.32
2014-06-04;109.07;103.27
2014-06-03;108.87;103.34
2014-06-02;109.34;103.07
2014-05-29;109.98;104.26
2014-05-12;108.37;100.89
2014-04-29;109.89;101.56
2014-04-16;109.71;103.71
2014-04-11;107.34;103.68
2014-04-09;107.39;103.55
2014-04-04;106.41;101.16
2014-03-21;107.2;99.97
2014-03-04;109.17;103.64
2014-03-03;111.26;105.34
2014-02-27;108.54;102.68
2014-02-20;109.42;103.2
2014-02-13;108.98;100.27
2014-02-07;110.12;99.98
2014-02-06;108.15;97.84
2014-01-28;109.1;97.49
2014-01-23;109.69;97.23
2014-01-22;109.69;96.35
2014-01-02;107.94;95.14
2013-12-26;111.65;99.18
2013-12-18;109.56;97.59
2013-12-06;111.5;97.48
2013-12-05;112.07;97.14
2013-12-04;113.27;96.97
2013-11-29;111.07;92.55
2013-11-26;112.04;93.41
2013-11-25;110.83;93.86
2013-11-18;108.8;93.03
2013-11-14;108.29;93.76
2013-11-06;105.46;94.74
2013-11-05;105.01;93.4
2013-11-04;104.85;94.58
2013-10-23;107.74;96.9
2013-10-22;109.57;97.63
2013-10-15;110.67;101.15
2013-10-09;109.02;101.63
2013-10-08;110.56;103.54
2013-10-07;109.66;103.07
2013-10-03;109.49;103.29
2013-10-02;109.09;104.15
2013-09-25;109.46;102.68
2013-09-13;113.31;108.31
2013-08-28;116.27;110.17
2013-08-23;112.12;106.48
2013-07-31;107.89;105.1
2013-07-25;108.1;105.47
2013-07-22;108.82;106.61
2013-07-16;109.29;105.88
2013-07-12;109.03;105.85
2013-07-11;108.18;104.77
2013-07-03;106.12;101.92
2013-06-21;100.36;93.81
2013-06-20;102.72;94.89
2013-06-19;105.56;98.24
2013-06-12;103.11;95.98
2013-06-04;102.04;93.36
2013-05-29;102.14;93.13
2013-05-10;101.31;95.81
2013-05-01;98.34;90.74
2013-04-29;102.88;94.09
2013-04-22;99.07;88.81
2013-04-11;103.62;93.44
2013-04-10;104.8;94.59
2013-04-05;103.98;92.76
2013-03-22;106.51;93.41
2013-03-21;106.41;92.46
2013-03-18;108.54;93.71
2013-03-14;108.1;93.03
2013-03-12;108.48;92.44
2013-03-08;108.91;92.01
2013-02-26;112.96;92.63
2013-02-25;114.55;92.74
2013-02-20;116.23;94.92
2013-02-08;118.9;95.71
2013-02-06;116.61;96.44
2013-01-28;113.92;95.95
2013-01-24;114.59;95.35
2013-01-14;111.32;94.27
2013-01-03;113.03;92.97
2012-12-17;109.35;86.71
2012-12-12;110.17;86.35
2012-12-10;108.25;85.14
2012-12-05;108.96;87.36
2012-11-29;110.47;87.64
2012-11-26;110.18;87.28
2012-11-15;110.07;85.45
2012-11-05;105.59;85.64
2012-11-02;106.79;84.9
2012-10-25;107.64;85.59
2012-10-22;109.62;88.3
2012-10-19;111.89;90.0
2012-10-15;115.0;91.84
2012-10-05;112.17;89.87
2012-09-24;109.2;91.68
2012-09-19;108.49;91.97
2012-09-18;113.29;95.25
2012-08-15;115.51;94.35
2012-08-10;113.13;92.94
2012-08-02;107.55;87.22
2012-07-31;105.93;88.08
2012-07-24;103.57;88.28
2012-07-17;104.21;89.07
2012-07-13;101.91;87.15
2012-07-06;98.5;84.37
2012-07-05;101.54;87.11
2012-06-26;90.19;79.34
2012-06-14;96.46;83.83
2012-05-25;107.86;90.64
2012-05-07;;97.86
2012-05-02;117.57;105.25
2012-04-26;119.33;104.56
2012-04-24;117.74;103.1
2012-03-27;125.25;107.32
2012-03-21;123.89;106.87
2012-03-19;125.76;108.09
2012-03-15;123.63;105.19
2012-03-12;127.27;106.34
2012-03-07;125.37;106.16
2012-03-06;125.03;104.71
2012-02-28;124.02;106.59
2012-02-24;124.89;109.39
2012-02-17;120.69;103.27
2012-02-10;118.13;98.68
2012-02-08;117.18;98.8
2012-01-31;110.26;98.46
2012-01-27;110.5;99.47
2012-01-26;109.08;99.76
2012-01-19;109.54;100.32
2012-01-17;110.55;100.7
2012-01-09;111.07;101.31
2011-12-21;108.0;98.54
2011-12-15;104.52;93.84
2011-12-13;109.25;100.24
2011-11-10;113.32;97.78
2011-11-09;115.29;95.74
2011-11-02;110.82;92.51
2011-11-01;106.97;92.19
2011-10-31;108.43;93.19
2011-10-27;112.45;93.96
2011-10-21;111.6;87.19
2011-10-04;101.84;75.4
2011-10-03;103.61;77.34
2011-09-29;107.08;81.87
2011-09-27;109.54;84.18
2011-09-22;109.21;80.29
2011-09-16;116.26;87.96
2011-08-19;109.37;82.33
2011-08-05;106.92;86.89
2011-08-02;116.02;93.78
2011-07-27;117.99;97.4
2011-07-18;117.05;95.94
2011-07-12;117.36;97.41
2011-06-21;112.02;93.7
2011-06-16;114.69;94.95
2011-06-15;114.67;94.83
2011-06-09;119.95;101.95
2011-06-02;114.3;100.41
2011-05-27;114.85;100.58
2011-05-26;115.06;100.18
2011-04-26;124.55;111.72
2011-04-13;122.7;106.6
2011-04-06;123.01;108.38
2011-04-05;122.87;107.82
2011-04-04;120.07;108.14
2011-04-01;118.63;107.55
2011-03-29;115.58;104.34
2011-03-23;115.65;105.21
2011-03-18;114.13;101.06
2011-03-11;114.07;101.14
2011-03-09;115.19;104.39
2011-03-02;116.89;102.27
2011-02-15;102.48;83.13
2011-02-08;99.25;85.85
2011-02-03;101.69;89.42
2011-01-28;97.06;88.15
2011-01-13;97.86;91.39
2010-12-29;93.52;91.13
2010-12-28;93.52;91.48
2010-12-23;93.63;90.84
2010-12-16;91.09;87.71
2010-12-10;89.54;87.81
2010-12-09;89.93;88.35
2010-12-01;88.56;86.75
2010-11-24;84.53;83.21
2010-11-22;82.34;81.24
2010-11-19;83.17;81.65
2010-11-18;83.7;81.88
2010-11-16;83.98;82.33
2010-11-12;86.07;84.89
2010-11-05;87.05;86.85
2010-11-03;85.33;84.45
2010-11-02;84.71;83.91
2010-11-01;84.06;82.94
2010-10-21;81.28;80.03
2010-10-20;81.68;81.93
2010-10-15;81.94;81.23
2010-09-21;78.76;72.96
2010-09-20;79.42;74.81
2010-09-15;78.46;75.92
2010-09-02;74.93;74.99
2010-08-27;75.16;75.17
2010-08-20;73.48;73.45
2010-08-12;76.63;75.68
2010-08-11;77.83;78.09
2010-08-10;79.89;80.24
2010-08-09;81.54;81.46
2010-08-04;83.76;82.49
2010-07-23;77.27;78.68
2010-07-21;75.75;76.27
2010-07-20;76.31;77.32
2010-07-16;75.55;75.96
2010-07-15;75.52;76.67
2010-07-13;76.45;77.16
2010-07-01;71.73;72.95
2010-06-30;74.94;75.59
2010-06-24;75.17;75.96
2010-06-23;75.22;75.9
2010-06-21;78.53;77.84
2010-06-01;73.08;72.7
2010-05-28;73.0;74.0
2010-05-24;69.62;68.23
2010-04-27;85.59;82.43
2010-04-16;84.81;82.97
2010-04-01;82.63;84.53
2010-03-30;79.46;82.14
2010-03-22;78.09;81.26
2010-03-09;78.77;81.5
2010-02-26;76.36;79.72
2010-02-18;76.61;78.97
2010-02-16;74.82;76.98
2010-02-12;71.49;74.11
2010-02-09;70.4;73.71
2010-01-07;80.57;82.6
2010-01-04;79.05;81.52
2009-12-18;71.87;73.3
2009-12-02;76.96;76.62
2009-11-17;77.36;79.08
2009-11-12;75.18;77.25
2009-11-04;78.21;80.3
2009-10-27;76.69;79.45
2009-10-22;78.36;80.82
2009-10-21;77.74;81.03
2009-10-02;66.5;69.8
2009-09-28;65.43;66.69
2009-09-17;71.56;72.48
2009-09-16;68.51;72.5
2009-09-11;68.76;69.34
2009-09-09;69.76;71.27
2009-08-27;70.68;72.49
2009-08-14;71.33;67.51
2009-08-07;74.21;70.97
2009-07-27;69.78;68.34
2009-07-10;58.43;59.93
2009-07-07;61.54;62.88
2009-07-06;63.12;64.06
2009-06-29;69.75;71.47
2009-06-26;68.1;69.16
2009-06-25;68.82;69.7
2009-06-16;70.52;70.47
2009-05-29;64.98;66.31
2009-05-21;58.02;60.49
2009-05-08;56.02;58.58
2009-05-06;55.07;56.29
2009-04-14;52.06;49.51
2009-04-01;45.92;48.46
2009-03-30;49.05;48.49
2009-03-11;43.2;42.46
2009-03-03;42.72;41.57
2009-03-02;42.6;40.07
2009-02-26;45.15;43.18
2009-02-25;42.37;41.64
2009-02-23;41.27;37.66
2009-02-20;42.19;39.35
2009-02-12;47.23;34.03
2009-02-03;43.15;40.87
2009-01-30;44.17;41.73
2009-01-27;42.86;41.67
2009-01-22;42.42;42.33
2009-01-20;41.22;38.57
2009-01-15;42.32;35.41
2009-01-08;42.94;41.68
2009-01-06;48.89;48.56
2008-12-29;34.16;39.89
2008-12-15;45.02;44.61
2008-12-10;39.34;43.1
2008-12-09;39.77;42.0
2008-11-21;44.91;49.22
2008-11-13;51.32;58.31
2008-11-11;54.76;59.38
2008-11-10;57.08;62.19
2008-10-29;64.0;67.45
2008-10-27;59.34;61.92
2008-10-23;65.06;67.17
2008-10-21;65.99;71.29
2008-10-16;64.14;69.81
2008-10-15;66.86;74.38
2008-10-13;74.37;81.17
2008-10-08;80.77;88.94
2008-09-30;93.52;100.7
2008-09-24;102.09;106.84
2008-09-23;100.72;107.85
2008-09-19;93.46;104.05
2008-09-11;96.01;100.95
2008-09-09;98.94;103.23
2008-09-08;101.08;106.35
2008-08-26;112.2;116.31
2008-08-15;108.8;113.46
2008-08-13;110.68;115.96
2008-08-11;110.54;114.44
2008-07-11;143.68;144.96
2008-07-02;141.24;143.74
2008-06-25;131.59;133.92
2008-06-23;134.54;135.98
2008-06-16;133.9;134.52
2008-06-12;132.11;136.91
2008-06-09;134.43;134.44
2008-06-04;121.72;122.3
2008-05-14;121.18;124.21
2008-05-01;107.3;112.6
2008-04-30;111.12;113.7
2008-04-28;115.7;118.78
2008-04-02;98.85;104.83
2008-03-18;105.35;109.57
2008-03-07;104.66;105.12
2008-02-27;98.28;99.59
2008-02-15;96.96;95.57
2008-02-12;94.28;92.82
2008-02-07;88.55;88.07
2008-02-06;88.73;87.16
2008-01-18;89.66;90.55
2008-01-15;90.87;91.87
2008-01-03;98.45;99.17
2007-12-20;91.06;90.88
2007-12-17;90.32;90.69
2007-12-14;91.86;91.31
2007-12-03;87.85;89.29
2007-11-05;92.16;94.06
2007-10-23;82.31;86.45
2007-10-19;84.25;88.58
2007-10-03;77.8;79.97
2007-09-28;80.97;81.64
2007-09-25;76.82;81.2
2007-09-19;78.47;81.99
2007-09-18;77.0;81.51
2007-09-14;78.27;79.14
2007-09-04;74.22;75.07
2007-08-23;68.73;69.86
2007-08-08;70.73;72.23
2007-08-03;75.36;75.41
2007-07-12;78.24;72.55
2007-06-28;71.96;69.61
2007-06-27;71.84;68.98
2007-06-20;70.55;68.5
2007-06-19;72.17;69.15
2007-06-18;72.33;69.06
2007-06-11;68.85;65.93
2007-06-07;72.36;66.93
2007-05-31;68.18;64.02
2007-05-17;69.08;64.83
2007-05-09;63.5;61.54
2007-05-07;62.7;61.48
2007-05-01;67.4;64.43
2007-04-24;67.94;64.1
2007-03-23;63.1;61.07
2007-03-22;61.57;60.21
2007-03-21;60.18;56.98
2007-03-20;60.11;56.41
2007-02-27;60.28;61.46
2007-02-22;58.62;60.28
2007-02-16;56.78;59.38
2007-02-06;58.04;58.91
2007-02-05;58.67;58.69
2007-01-31;56.52;58.17
2007-01-12;49.95;52.96
2006-12-29;58.96;60.85
2006-12-19;62.19;62.87
2006-12-05;63.65;62.4
2006-12-01;64.74;63.43
2006-11-29;62.13;62.45
2006-11-22;58.66;57.28
2006-11-20;57.38;56.42
2006-11-14;57.9;58.28
2006-11-13;56.88;58.59
2006-10-16;58.22;59.91
2006-10-06;56.9;59.68
2006-10-05;57.93;60.02
2006-10-02;58.8;60.96
2006-09-22;58.81;59.79
2006-09-11;62.41;65.42
2006-08-31;67.66;70.38
2006-08-25;72.58;72.13
2006-08-18;71.3;70.93
2006-08-14;73.78;73.33
2006-08-11;75.19;74.38
2006-07-28;73.95;73.3
2006-07-27;75.36;74.5
2006-07-24;72.09;74.29
2006-06-28;71.76;72.15
2006-06-20;67.57;69.3
2006-06-12;68.62;70.28
2006-06-09;69.13;71.62
2006-06-07;67.17;70.9
2006-05-19;66.93;68.44
2006-05-15;68.69;69.25
2006-05-10;69.83;72.15
2006-05-04;71.84;69.98
2006-04-19;72.69;72.07
2006-04-17;;70.3
2006-03-30;65.95;66.7
2006-03-24;62.78;63.9
2006-03-22;61.23;60.03
2006-03-13;60.99;61.81
2006-03-08;58.42;60.06
2006-03-07;59.79;61.51
2006-03-06;61.41;62.46
2006-02-24;60.13;61.46
2006-02-23;58.71;58.03
2006-02-16;56.78;58.61
2006-02-09;60.7;62.66
2006-02-08;60.82;62.51
2006-01-27;64.95;67.81
2006-01-19;63.64;66.86
2006-01-12;62.95;63.96
2006-01-10;62.32;63.41
2005-12-30;58.34;61.06
2005-12-28;56.91;59.81
2005-12-23;56.28;58.08
2005-12-16;58.11;58.01
2005-12-15;59.67;60.01
2005-12-09;57.18;59.41
2005-12-06;55.68;59.96
2005-12-05;56.05;59.91
2005-12-01;53.65;58.46
2005-11-28;52.91;57.36
2005-11-22;54.21;58.3
2005-11-18;52.84;56.3
2005-11-14;54.1;57.6
2005-10-20;57.04;61.04
2005-10-13;59.48;63.05
2005-10-11;58.1;63.84
2005-10-05;59.33;62.56
2005-09-26;61.73;65.98
2005-09-20;62.98;66.24
2005-08-30;66.15;69.91
2005-08-25;65.88;67.29
2005-08-24;65.25;67.1
2005-08-22;65.87;65.46
2005-08-16;65.1;66.11
2005-08-15;66.68;66.21
2005-08-08;62.56;63.92
2005-07-27;58.34;59.12
2005-07-26;58.58;59.05
2005-07-21;55.59;57.31
2005-07-19;56.75;57.61
2005-07-14;56.79;57.83
2005-06-28;57.75;58.32
2005-06-14;53.52;55.03
2005-06-13;52.0;55.47
2005-06-10;51.98;53.55
2005-06-09;51.36;54.36
2005-06-07;51.62;53.84
2005-06-01;50.46;54.4
2005-05-12;47.4;48.83
2005-05-03;49.48;49.6
2005-04-29;50.61;49.2
2005-04-20;51.53;52.45
2005-04-19;50.79;52.33
2005-04-13;49.67;50.21
2005-04-06;54.08;55.88
2005-03-21;55.79;56.7
2005-03-18;55.97;56.8
2005-03-11;53.15;54.4
2005-03-02;51.05;53.0
2005-03-01;50.47;51.67
2005-02-28;50.13;51.75
2005-02-02;44.17;46.65
2005-01-31;44.51;48.25
2005-01-24;45.74;48.61
2005-01-12;43.75;46.46
2004-12-29;38.93;43.69
2004-12-28;40.24;41.78
2004-12-23;40.29;42.19
2004-12-20;42.67;45.57
2004-12-07;37.11;41.51
2004-11-30;44.23;49.16
2004-11-17;40.27;46.85
2004-11-12;41.33;47.3
2004-11-08;44.78;49.1
2004-11-04;45.32;48.8
2004-11-03;46.14;50.9
2004-11-02;46.25;49.6
2004-10-28;48.88;50.95
2004-10-27;49.99;52.52
2004-10-25;51.68;55.52
2004-10-07;48.98;52.56
2004-09-21;44.56;47.11
2004-09-20;43.6;46.33
2004-09-15;42.03;43.83
2004-09-10;41.03;42.84
2004-09-03;41.07;43.94
2004-09-02;42.39;44.04
2004-09-01;40.96;43.89
2004-08-12;43.5;45.52
2004-08-11;42.45;44.72
2004-08-09;43.21;44.86
2004-07-22;39.16;41.51
2004-07-21;38.48;40.63
2004-07-14;37.51;40.98
2004-07-12;37.73;39.3
2004-06-29;32.61;35.6
2004-06-24;34.71;37.81
2004-06-17;35.58;38.51
2004-06-16;34.56;37.33
2004-05-26;38.05;40.6
2004-05-25;38.46;41.45
2004-05-12;37.95;40.3
2004-04-30;35.23;37.31
2004-04-12;34.51;37.79
2004-04-02;31.19;34.39
2004-03-30;33.04;36.15
2004-03-22;33.57;37.12
2004-03-17;34.95;38.21
2004-03-03;33.32;35.8
2004-02-26;32.45;35.45
2004-02-24;31.6;35.85
2004-02-17;31.43;35.13
2004-02-06;29.26;32.49
2004-02-03;30.07;34.2
2004-02-02;30.3;34.02
2004-01-28;30.77;33.63
2004-01-15;31.43;33.61
2004-01-14;31.84;34.62
2004-01-08;31.11;34.27
2004-01-06;31.2;33.54
2004-01-05;32.3;33.71
2003-12-30;30.1;33.01
2003-12-22;28.78;31.71
2003-12-05;28.87;30.68
2003-11-17;28.98;31.75
2003-11-14;29.78;32.31
2003-11-13;29.01;31.89
2003-11-12;28.58;31.37
2003-11-06;28.52;30.25
2003-11-03;27.78;28.81
2003-10-30;27.47;28.67
2003-10-22;29.25;30.0
2003-10-21;29.61;30.19
2003-10-10;31.13;32.01
2003-10-09;30.21;30.97
2003-09-25;27.04;28.29
2003-09-24;26.81;28.19
2003-09-23;25.74;27.0
2003-09-19;25.51;26.93
2003-08-22;30.22;31.64
2003-08-20;29.28;30.96
2003-08-15;29.18;31.01
2003-08-08;30.59;32.23
2003-08-04;29.91;31.8
2003-07-24;27.73;30.72
2003-07-17;28.59;31.44
2003-07-16;28.51;31.2
2003-07-15;28.87;31.6
2003-07-03;28.63;30.39
2003-06-30;28.88;30.15
2003-06-26;27.06;28.97
2003-06-23;27.13;30.22
2003-06-09;28.62;31.36
2003-06-02;27.56;30.72
2003-05-30;26.58;29.56
2003-05-29;26.39;29.15
2003-05-27;26.55;29.24
2003-05-21;27.58;29.51
2003-05-19;27.23;28.84
2003-05-07;24.01;26.24
2003-04-14;24.72;28.41
2003-04-03;26.75;29.05
2003-04-02;26.29;28.55
2003-03-24;26.54;29.51
2003-03-19;28.4;30.01
2003-03-13;33.98;36.05
2003-03-10;34.94;37.18
2003-03-06;34.39;37.21
2003-03-03;33.4;36.1
2003-02-25;33.64;36.06
2003-02-24;33.41;37.29
2003-02-21;32.76;36.76
2003-02-20;32.76;36.45
2003-02-10;32.47;34.46
2003-02-05;31.77;33.91
2003-01-24;31.62;34.98
2003-01-17;31.57;33.88
2003-01-08;29.3;30.66
2002-12-27;31.49;32.68
2002-12-26;;32.61
2002-12-24;30.93;32.13
2002-12-19;30.26;30.57
2002-12-11;26.85;27.49
2002-12-02;25.73;27.27
2002-11-21;24.52;27.07
2002-11-11;23.86;26.02
2002-10-15;28.66;29.73
2002-10-08;28.28;29.56
2002-10-07;28.38;29.65
2002-09-24;29.47;30.79
2002-09-18;28.41;29.57
2002-09-12;27.76;28.95
2002-09-10;28.92;29.62
2002-08-30;27.56;28.97
2002-08-29;27.11;28.83
2002-08-20;27.63;30.12
2002-08-12;25.63;27.84
2002-08-08;25.51;26.67
2002-07-31;26.28;27.02
2002-07-29;25.2;26.54
2002-07-25;25.36;26.67
2002-07-24;25.43;26.78
2002-06-24;24.99;26.31
2002-06-03;;25.1
2002-05-31;23.87;25.37
2002-05-23;24.01;26.6
2002-05-15;27.17;28.17
2002-05-09;26.09;27.78
2002-05-06;;26.11
2002-04-18;25.9;25.86
2002-04-11;24.22;24.93
2002-03-28;25.34;26.21
2002-03-27;25.13;25.79
2002-03-26;24.6;25.75
2002-03-15;23.9;24.47
2002-03-01;21.83;22.37
2002-02-27;20.73;21.4
2002-02-20;19.44;20.31
2002-02-13;21.41;21.19
2002-02-11;20.08;21.29
2002-02-08;20.01;20.25
2002-02-05;19.9;20.06
2002-01-31;19.07;19.71
2002-01-22;18.7;18.36
2002-01-11;20.08;19.67
2002-01-08;21.03;20.82
2001-12-28;19.77;20.42
2001-12-20;18.87;18.67
2001-12-10;18.03;18.32
2001-12-03;20.0;20.27
2001-11-27;19.09;19.57
2001-11-19;16.55;17.74
2001-11-15;16.51;17.5
2001-11-14;18.78;19.63
2001-11-12;19.48;21.26
2001-11-01;19.39;20.47
2001-10-23;20.56;21.28
2001-10-16;20.47;22.01
2001-10-10;21.02;22.51
2001-10-02;21.29;22.7
2001-09-27;21.47;22.8
2001-09-18;27.54;27.81
2001-09-13;28.2;28.58
2001-09-12;28.24;27.64
2001-08-28;26.46;27.16
2001-08-22;25.71;27.17
2001-08-02;25.49;27.86
2001-07-27;24.82;26.98
2001-07-23;24.44;25.88
2001-07-17;23.9;25.33
2001-07-12;23.62;26.85
2001-07-06;26.55;28.1
2001-07-05;25.69;27.07
2001-07-03;25.56;26.28
2001-06-29;26.21;26.37
2001-06-26;27.66;26.97
2001-06-19;26.68;27.49
2001-06-12;29.03;29.13
2001-06-07;28.55;27.91
2001-06-06;28.73;27.56
2001-06-01;28.86;27.88
2001-05-30;28.92;28.71
2001-05-10;28.27;28.5
2001-04-26;26.71;28.47
2001-04-12;27.12;28.75
2001-04-11;26.08;28.42
2001-04-09;24.37;27.45
2001-03-26;24.01;27.4
2001-03-23;23.94;27.31
2001-03-19;23.19;26.17
2001-03-13;24.8;27.45
2001-03-12;25.34;27.91
2001-03-02;25.28;27.89
2001-03-01;24.76;27.78
2001-02-26;25.84;28.27
2001-02-22;25.75;28.52
2001-02-06;29.1;30.27
2001-02-05;29.25;30.55
2001-01-09;24.13;27.72
2001-01-03;23.44;27.93
2000-11-30;32.53;33.61
2000-11-20;34.23;35.98
2000-11-16;34.16;34.84
2000-11-15;33.82;35.54
2000-11-06;31.0;33.02
2000-11-03;30.81;32.62
2000-10-27;31.31;32.78
2000-10-18;30.98;33.51
2000-10-12;33.45;36.06
2000-10-04;30.07;30.91
2000-09-29;28.42;30.87
2000-09-21;32.18;33.84
2000-09-20;33.67;37.22
2000-09-15;33.68;35.87
2000-09-13;31.08;33.87
2000-09-06;36.7;34.97
2000-09-05;35.72;33.92
2000-08-29;34.03;32.73
2000-08-18;30.76;31.97
2000-08-15;30.0;31.43
2000-08-14;29.24;31.92
2000-08-08;27.58;29.26
2000-08-07;27.56;28.93
2000-07-31;25.3;27.5
2000-07-21;26.68;28.56
2000-06-16;28.68;32.35
2000-05-25;29.62;30.43
2000-05-09;26.69;28.46
2000-05-03;25.13;26.6
2000-05-01;;25.84
2000-04-28;23.79;25.71
2000-04-13;22.65;25.29
2000-04-12;21.4;25.49
2000-04-06;22.9;25.51
2000-03-24;25.74;27.86
2000-03-22;25.77;27.28
2000-03-10;28.97;31.76
2000-03-06;30.08;32.19
2000-03-01;29.78;31.71
2000-02-28;28.7;30.11
2000-02-24;28.21;30.23
2000-02-10;27.32;29.49
2000-02-09;27.44;28.71
2000-02-08;27.61;28.05
2000-01-19;26.17;29.11
2000-01-12;24.62;26.3
2000-01-07;23.35;24.79
2000-01-05;23.72;24.65
1999-12-27;;26.36
1999-12-23;25.11;25.86
1999-12-08;25.45;26.69
1999-11-12;25.39;24.91
1999-11-04;22.64;23.17
1999-10-28;21.22;21.59
1999-10-25;22.45;23.22
1999-10-08;20.78;20.81
1999-10-06;23.07;23.24
1999-10-05;22.64;23.37
1999-10-04;23.3;23.71
1999-09-21;22.68;24.48
1999-09-16;23.06;24.52
1999-09-10;22.36;23.55
1999-09-03;20.74;22.0
1999-08-25;19.71;20.66
1999-08-20;21.11;21.66
1999-08-12;20.32;21.42
1999-07-29;19.97;21.09
1999-07-15;18.9;20.26
1999-07-09;18.9;19.94
1999-07-01;17.25;19.39
1999-06-28;16.27;18.22
1999-06-25;16.27;18.17
1999-06-17;16.0;18.25
1999-06-11;16.25;18.45
1999-06-07;15.98;17.91
1999-06-01;14.22;16.31
1999-05-28;14.75;16.85
1999-05-27;15.04;17.18
1999-05-11;15.23;17.84
1999-05-10;15.72;18.57
1999-05-06;16.44;18.23
1999-04-27;15.91;17.82
1999-04-26;15.63;17.67
1999-04-07;14.14;16.02
1999-03-29;14.34;16.46
1999-03-15;12.17;14.48
1999-03-11;11.86;14.3
1999-03-10;11.46;14.74
1999-03-09;11.25;13.78
1999-03-03;10.81;12.92
1999-03-02;10.41;12.66
1999-03-01;10.52;12.28
1999-02-19;10.29;11.79
1999-02-12;9.97;11.9
1999-02-10;9.88;11.88
1999-01-12;11.78;12.91
1999-01-07;11.08;12.99
1999-01-06;10.67;12.84
1998-12-29;10.23;11.82
1998-12-01;9.87;11.27
1998-11-24;10.58;11.48
1998-11-06;11.51;13.93
1998-11-02;12.43;14.45
1998-10-29;12.31;14.31
1998-10-09;12.87;14.64
1998-10-08;13.23;14.57
1998-10-06;13.98;15.6
1998-10-01;14.46;15.52
1998-09-25;14.55;15.8
1998-09-24;14.84;15.99
1998-09-16;12.65;14.6
1998-09-10;12.82;14.71
1998-08-26;12.24;13.67
1998-08-24;12.15;13.78
1998-08-17;11.93;13.26
1998-08-13;11.48;13.44
1998-08-07;12.05;13.85
1998-07-30;12.55;14.25
1998-07-29;12.6;14.13
1998-07-20;12.11;13.44
1998-07-09;11.61;14.01
1998-07-02;11.95;14.58
1998-06-29;11.83;14.29
1998-06-11;12.12;12.67
1998-06-04;13.71;15.24
1998-05-26;14.27;14.9
1998-05-22;14.33;14.81
1998-05-11;14.41;15.26
1998-05-05;14.13;15.48
1998-04-28;13.88;15.9
1998-04-23;13.42;13.09
1998-04-13;;15.35
1998-04-09;13.23;15.61
1998-04-08;12.79;15.71
1998-03-25;14.41;16.69
1998-03-23;14.53;16.14
1998-03-19;12.41;14.43
1998-03-06;12.85;14.9
1998-03-05;13.18;15.34
1998-03-03;13.18;15.28
1998-02-20;13.91;16.13
1998-02-09;14.77;16.59
1998-01-28;15.64;17.35
1998-01-20;14.95;16.43
1997-12-19;17.2;18.46
1997-12-16;16.8;18.19
1997-12-09;17.57;18.79
1997-12-01;18.01;18.76
1997-11-26;18.5;19.13
1997-11-17;19.54;20.29
1997-11-12;19.26;20.53
1997-11-11;;20.54
1997-10-28;18.86;20.4
1997-10-23;19.89;21.18
1997-10-22;19.86;21.44
1997-10-14;19.4;20.75
1997-10-13;20.08;21.34
1997-09-30;19.96;21.13
1997-09-23;18.57;19.71
1997-09-17;18.21;19.44
1997-09-04;17.92;19.46
1997-09-02;18.22;19.73
1997-08-28;17.91;19.59
1997-08-25;17.87;19.29
1997-08-22;;19.7
1997-08-15;18.77;20.08
1997-08-13;18.63;20.19
1997-08-07;18.94;20.09
1997-07-22;18.47;19.25
1997-07-16;18.27;19.57
1997-07-08;;19.67
1997-07-02;18.83;20.39
1997-07-01;;20.11
1997-06-25;17.65;19.12
1997-06-19;17.34;18.75
1997-05-09;18.62;20.45
1997-05-07;17.84;19.6
1997-04-23;17.46;19.65
1997-04-16;17.24;19.35
1997-04-11;17.54;19.5
1997-04-07;16.92;19.25
1997-03-20;19.62;22.0
1997-03-06;19.55;21.0
1997-03-05;19.38;20.5
1997-03-04;19.4;20.75
1997-03-03;19.1;20.25
1997-02-25;20.08;20.95
1997-02-21;20.13;21.6
1997-02-19;20.98;22.65
1997-02-07;;22.3
1997-01-10;24.22;26.15
1997-01-06;24.76;26.25
1996-12-26;;25.1
1996-12-19;24.18;26.55
1996-12-03;24.12;24.8
1996-12-02;23.5;24.7
1996-11-25;23.22;25.75
1996-11-22;23.86;24.15
1996-11-19;23.13;24.5
1996-11-18;22.75;23.85
1996-11-08;22.4;23.6
1996-11-07;21.75;22.8
1996-11-06;21.85;22.75
1996-10-29;23.3;24.15
1996-10-24;24.28;24.55
1996-10-23;24.6;24.78
1996-10-14;24.75;25.5
1996-10-10;23.63;24.3
1996-10-03;23.63;24.85
1996-09-18;22.38;23.85
1996-09-16;22.6;23.3
1996-09-05;22.15;23.45
1996-08-27;20.45;21.35
1996-08-20;21.35;22.53
1996-08-14;20.9;22.1
1996-08-09;20.05;21.6
1996-08-07;19.48;21.35
1996-07-26;18.92;20.13
1996-07-25;19.5;21.05
1996-07-22;19.23;21.05
1996-07-12;19.93;21.9
1996-07-10;19.8;21.56
1996-07-09;19.63;21.52
1996-06-06;18.18;20.06
1996-05-31;18.1;19.77
1996-05-22;19.4;23.02
1996-05-09;19.35;20.65
1996-05-08;19.85;21.13
1996-05-03;19.38;21.19
1996-04-25;20.35;24.35
1996-04-18;19.33;23.47
1996-04-11;23.9;25.15
1996-04-09;21.43;23.23
1996-04-03;20.93;22.22
1996-03-29;20.33;21.43
1996-03-19;20.35;24.56
1996-03-01;18.55;19.45
1996-02-28;18.65;19.3
1996-02-23;18.85;20.97
1996-02-07;16.93;17.71
1996-02-01;16.78;17.63
1996-01-31;16.63;17.76
1996-01-29;16.23;17.33
1996-01-19;17.53;18.94
1996-01-18;17.88;19.12
1996-01-10;18.48;19.66
1996-01-03;19.15;19.9
1995-12-29;18.65;19.54
1995-12-19;18.03;19.05
1995-12-06;17.55;18.76
1995-11-27;17.2;18.37
1995-11-13;16.63;17.78
1995-11-10;16.83;17.83
1995-11-06;16.78;17.68
1995-10-31;16.58;17.67
1995-10-27;16.35;17.54
1995-10-23;15.88;17.48
1995-10-20;15.8;17.44
1995-10-19;15.85;17.34
1995-10-11;16.05;17.28
1995-10-09;16.0;17.36
1995-10-06;15.75;17.03
1995-10-04;16.4;17.32
1995-10-02;16.55;17.67
1995-09-21;16.6;17.89
1995-09-15;17.18;18.94
1995-08-25;16.15;19.91
1995-08-24;16.3;19.6
1995-08-11;16.23;17.86
1995-08-10;16.08;17.91
1995-08-08;16.0;17.86
1995-08-04;16.08;17.74
1995-07-20;15.68;17.03
1995-07-13;15.98;17.25
1995-07-10;15.88;17.35
1995-07-06;16.15;17.42
1995-07-03;16.35;17.33
1995-06-30;16.58;17.38
1995-06-22;16.55;17.76
1995-06-20;16.98;18.01
1995-05-30;17.43;18.78
1995-05-17;18.5;19.94
1995-05-01;19.38;20.53
1995-04-28;18.98;20.36
1995-04-21;19.18;20.46
1995-04-06;18.5;19.74
1995-04-05;18.35;19.57
1995-04-03;17.88;19.05
1995-03-30;17.98;19.17
1995-03-16;16.5;18.18
1995-03-15;16.38;18.12
1995-03-07;16.85;18.59
1995-03-02;16.55;18.4
1995-02-28;17.23;18.52
1995-02-23;17.1;18.59
1995-02-22;17.08;18.84
1995-02-09;16.85;18.28
1995-01-19;17.08;18.7
1995-01-17;16.78;18.47
1995-01-12;16.48;17.72
1995-01-03;15.88;17.45
1994-12-30;16.23;17.77
1994-12-27;;17.63
1994-12-06;16.05;16.93
1994-12-02;16.35;17.0
1994-11-29;17.0;17.97
1994-11-22;17.2;17.7
1994-11-14;17.25;17.48
1994-11-08;17.38;18.46
1994-11-03;17.75;18.97
1994-10-31;17.18;18.16
1994-10-28;17.18;18.25
1994-10-26;16.88;18.01
1994-10-17;15.75;17.11
1994-10-13;15.63;17.03
1994-10-12;16.08;17.13
1994-10-07;16.93;18.27
1994-09-13;15.48;17.0
1994-09-07;16.03;17.84
1994-09-02;15.88;17.52
1994-08-24;15.8;17.54
1994-08-22;15.25;16.87
1994-08-16;16.68;17.64
1994-08-10;17.33;18.96
1994-08-05;17.78;19.37
1994-07-27;17.83;19.46
1994-07-22;17.58;19.59
1994-06-27;17.4;18.96
1994-06-23;17.3;19.38
1994-06-21;17.63;20.08
1994-06-20;17.38;20.68
1994-06-14;16.4;18.94
1994-05-11;16.1;17.84
1994-05-06;16.25;17.74
1994-05-05;15.85;17.28
1994-05-02;;17.18
1994-04-11;14.73;15.86
1994-03-22;14.8;15.04
1994-03-08;13.15;14.17
1994-03-02;13.5;14.8
1994-03-01;13.45;14.78
1994-02-25;13.33;14.48
1994-02-22;13.2;14.28
1994-02-15;13.13;14.13
1994-02-11;13.7;14.71
1994-02-04;14.93;15.63
1994-02-03;15.48;15.97
1994-01-26;14.8;15.5
1994-01-20;14.1;14.95
1994-01-18;14.1;14.92
1994-01-11;14.1;14.95
1994-01-05;14.1;15.3
1994-01-04;13.43;14.66
1993-12-14;14.78;14.47
1993-12-10;13.8;15.04
1993-12-09;13.6;14.65
1993-12-07;13.88;14.53
1993-12-01;14.43;15.45
1993-11-30;14.23;15.36
1993-11-19;15.25;16.55
1993-11-16;15.33;16.69
1993-11-11;15.18;16.91
1993-11-04;15.78;17.38
1993-11-03;15.83;17.47
1993-11-01;15.83;17.5
1993-10-29;15.43;16.97
1993-10-18;16.5;18.13
1993-10-15;16.7;18.24
1993-10-14;16.8;18.5
1993-10-06;16.98;18.43
1993-09-28;16.4;18.07
1993-09-21;16.25;18.12
1993-09-20;16.03;17.68
1993-09-16;15.43;16.85
1993-09-07;15.85;17.14
1993-09-03;16.33;17.72
1993-08-30;;18.63
1993-08-17;16.88;17.95
1993-08-09;16.45;17.58
1993-08-02;16.85;17.9
1993-07-28;17.13;18.25
1993-07-22;16.65;17.57
1993-07-20;16.58;17.2
1993-07-19;16.58;17.68
1993-07-07;16.9;18.06
1993-06-29;17.48;18.99
1993-06-08;18.23;19.65
1993-06-07;18.0;19.6
1993-05-28;18.43;20.04
1993-05-25;18.15;19.75
1993-04-13;18.8;20.28
1993-04-07;18.7;20.35
1993-04-06;18.65;20.33
1993-03-25;18.6;20.12
1993-03-19;18.58;20.05
1993-03-03;18.93;20.46
1993-01-11;17.28;18.78
1992-12-22;18.08;19.79
1992-12-14;18.03;19.06
1992-12-11;18.2;19.09
1992-12-08;18.08;18.69
1992-11-18;19.1;20.21
1992-11-11;19.4;20.46
1992-11-09;19.1;20.63
1992-11-06;19.13;20.26
1992-11-03;19.35;20.6
1992-10-30;19.13;20.68
1992-10-27;19.78;21.03
1992-10-16;20.78;22.31
1992-10-13;20.83;22.12
1992-09-30;20.18;21.83
1992-09-25;20.33;21.51
1992-09-18;20.3;21.96
1992-09-16;20.43;22.39
1992-09-09;20.33;22.0
1992-08-24;19.65;21.85
1992-08-10;19.55;21.12
1992-07-30;20.48;21.82
1992-07-28;20.78;22.03
1992-07-23;20.48;22.11
1992-07-10;20.0;21.25
1992-07-03;20.65;22.08
1992-06-26;21.3;22.42
1992-06-25;21.5;22.73
1992-06-23;21.35;22.74
1992-06-19;21.13;22.16
1992-06-12;21.28;22.28
1992-06-09;21.13;22.23
1992-06-02;20.85;22.2
1992-05-26;20.5;21.8
1992-05-21;19.6;20.79
1992-05-20;19.28;20.2
1992-05-15;19.7;20.7
1992-05-08;19.63;20.85
1992-04-27;18.9;20.31
1992-04-24;18.9;20.05
1992-04-21;19.0;20.17
1992-04-09;18.95;20.33
1992-04-06;18.93;20.44
1992-04-03;18.63;20.25
1992-03-31;19.09;19.49
1992-03-23;17.58;18.91
1992-03-20;17.75;18.78
1992-03-17;17.88;19.27
1992-03-03;17.05;18.67
1992-02-28;17.45;18.69
1992-02-27;17.55;18.77
1992-02-26;17.28;18.44
1992-02-24;17.4;18.37
1992-02-06;18.53;19.48
1992-02-04;18.4;19.26
1992-01-22;17.83;18.73
1991-12-27;17.75;18.82
1991-12-19;18.15;19.12
1991-12-18;18.15;19.39
1991-12-17;18.13;19.45
1991-12-12;18.58;19.94
1991-12-03;19.2;20.61
1991-12-02;19.6;21.1
1991-11-25;19.78;22.15
1991-11-19;21.08;21.88
1991-11-15;21.63;22.79
1991-11-08;21.8;23.0
1991-10-29;21.85;23.09
1991-10-21;22.95;24.03
1991-10-17;22.73;23.96
1991-10-16;22.6;23.67
1991-10-14;22.6;23.48
1991-10-03;21.75;22.7
1991-09-19;20.43;21.79
1991-09-06;20.13;21.56
1991-08-29;20.3;22.02
1991-08-26;20.03;21.98
1991-08-23;19.85;21.78
1991-07-25;19.6;21.11
1991-07-24;19.33;21.41
1991-07-01;18.53;20.78
1991-06-19;17.88;19.99
1991-06-18;18.0;20.11
1991-06-14;17.7;19.7
1991-06-13;18.0;19.71
1991-06-11;17.85;19.85
1991-06-05;18.63;20.45
1991-06-03;19.0;21.16
1991-05-29;18.75;21.04
1991-05-08;19.8;21.83
1991-05-01;19.7;21.28
1991-04-17;19.85;21.73
1991-03-13;20.33;20.48
1991-03-11;18.6;19.0
1991-03-05;20.05;20.5
1991-02-15;18.35;20.73
1991-02-12;21.1;22.78
1991-02-11;21.23;22.44
1991-01-30;20.95;21.08
1991-01-28;20.4;21.03
1991-01-15;29.25;30.35
1991-01-14;29.55;30.13
1991-01-02;26.78;26.53
1990-12-21;26.9;27.08
1990-12-17;28.2;27.1
1990-12-07;28.3;26.61
1990-11-07;34.55;35.48
1990-11-01;35.65;35.3
1990-10-31;34.3;35.31
1990-10-29;34.65;35.28
1990-10-25;32.9;34.35
1990-10-18;35.65;37.03
1990-10-11;41.15;41.07
1990-10-09;40.9;40.73
1990-10-08;39.2;38.88
1990-09-26;40.85;39.12
1990-09-14;33.35;31.79
1990-09-11;32.1;30.29
1990-08-28;27.65;27.73
1990-08-24;31.65;31.1
1990-08-22;30.45;30.52
1990-08-17;28.45;28.65
1990-07-26;18.73;20.33
1990-07-12;15.88;18.69
1990-07-09;14.98;16.63
1990-07-06;15.35;16.49
1990-06-26;15.58;17.12
1990-06-18;14.83;15.92
1990-06-15;15.15;16.64
1990-06-08;14.68;16.78
1990-06-06;14.8;16.91
1990-05-30;15.98;17.88
1990-05-07;15.65;18.3
1990-04-24;16.75;17.85
1990-04-18;15.33;16.95
1990-04-05;17.55;19.48
1990-04-02;18.18;20.51
1990-03-01;19.33;21.19
1990-02-28;19.2;21.55
1990-02-26;18.9;21.81
1990-02-21;19.5;21.87
1990-02-13;20.03;21.88
1990-02-12;19.68;22.02
1990-01-19;21.28;23.7
1990-01-17;20.45;22.11
1990-01-12;22.13;23.17
1990-01-10;21.95;22.9
1989-12-28;20.85;21.6
1989-12-26;;21.91
1989-12-19;20.28;22.17
1989-12-15;19.68;21.13
1989-12-08;19.15;20.41
1989-11-28;18.23;19.33
1989-11-22;18.6;19.8
1989-11-17;18.75;19.93
1989-11-14;18.7;19.58
1989-11-13;18.85;19.62
1989-11-10;19.05;19.84
1989-11-06;18.95;20.06
1989-10-31;18.93;19.88
1989-10-30;18.98;19.74
1989-10-27;18.7;19.79
1989-10-19;19.33;20.37
1989-10-12;19.23;20.49
1989-10-09;18.25;20.04
1989-09-13;18.05;19.87
1989-09-12;17.9;19.68
1989-09-06;17.8;19.41
1989-08-31;17.2;18.83
1989-08-30;17.13;18.85
1989-08-18;16.83;18.82
1989-08-14;16.85;18.6
1989-08-03;16.4;18.18
1989-08-01;16.23;17.91
1989-07-28;16.38;17.96
1989-07-27;16.28;18.15
1989-07-25;17.05;18.52
1989-07-24;17.3;18.76
1989-07-21;17.83;19.86
1989-06-19;16.85;20.88
1989-05-30;18.03;19.96
1989-05-29;17.73;19.55
1989-05-04;19.7;20.57
1989-05-02;19.15;19.73
1989-04-21;21.6;23.38
1989-04-17;19.88;21.23
1989-04-13;19.95;20.26
1989-03-22;19.6;20.21
1989-03-20;19.18;19.53
1989-03-17;19.3;20.34
1989-03-13;18.1;19.05
1989-02-27;17.55;18.16
1989-02-24;17.05;18.06
1989-02-15;16.75;18.23
1989-02-10;16.4;17.11
1989-02-07;16.6;17.55
1989-02-06;16.5;17.38
1989-02-02;16.95;17.72
1989-01-30;16.85;17.32
1989-01-20;18.15;18.85
1989-01-04;16.53;16.99
1988-12-30;16.23;17.12
1988-12-21;15.33;17.27
1988-12-20;15.28;17.68
1988-12-19;15.3;16.24
1988-12-13;15.18;15.93
1988-12-09;14.9;15.9
1988-11-28;14.73;14.93
1988-11-21;12.13;13.73
1988-10-20;13.5;14.44
1988-10-12;12.45;14.02
1988-10-11;12.35;13.63
1988-09-28;12.75;14.07
1988-09-22;13.2;15.25
1988-09-14;13.9;15.38
1988-09-13;13.4;14.55
1988-09-08;13.3;14.51
1988-08-30;14.45;15.39
1988-08-29;14.48;15.24
1988-08-23;14.8;15.71
1988-08-09;15.4;15.56
1988-08-08;15.48;15.84
1988-07-29;15.75;16.37
1988-07-18;15.0;15.84
1988-07-11;14.63;14.56
1988-07-08;15.05;15.42
1988-07-01;13.95;14.92
1988-06-22;15.13;16.03
1988-06-14;15.85;16.85
1988-06-10;15.85;16.7
1988-05-20;16.45;17.41
1988-05-18;16.4;17.39
1988-05-10;16.38;17.5
1988-05-06;16.45;17.63
1988-04-19;17.05;17.92
1988-04-14;16.65;18.4
1988-03-22;15.03;16.02
1988-03-11;14.88;16.2
1988-03-07;13.9;15.35
1988-02-17;15.85;16.62
1988-02-12;15.75;16.84
1988-02-08;16.5;17.7
1988-01-18;16.83;17.28
1988-01-13;16.38;16.56
1987-12-16;15.93;15.97
1987-12-15;16.2;16.75
1987-12-10;17.55;18.51
1987-12-09;17.43;18.53
1987-12-04;18.0;18.68
1987-11-13;17.8;18.89
1987-11-12;17.85;18.93
1987-11-03;18.38;19.39
1987-10-30;18.8;19.96
1987-10-29;18.75;19.93
1987-10-28;18.85;20.1
1987-10-27;18.8;20.15
1987-10-23;18.98;20.18
1987-10-19;19.1;19.79
1987-10-12;18.55;19.67
1987-09-29;18.5;19.58
1987-09-21;18.28;19.77
1987-09-17;18.43;19.58
1987-09-15;18.53;19.66
1987-09-14;18.15;19.64
1987-09-11;18.18;19.42
1987-08-27;18.28;19.69
1987-08-18;18.75;19.84
1987-08-13;19.4;20.76
1987-07-24;19.58;20.58
1987-07-13;19.83;21.38
1987-06-25;18.7;20.15
1987-06-15;;20.07
1987-06-11;18.68;19.85
1987-06-04;18.78;19.75
1987-06-02;18.68;19.7
1987-05-26;18.63;19.35
1987-05-22;18.55;19.68
1987-05-18;;19.91
1987-05-08;;19.28
1987-04-27;;18.83
1987-04-21;;18.97
1987-04-08;;18.68
1987-04-03;;18.68
1987-03-27;;18.65
1987-03-23;;18.6
1987-03-19;;18.61
1987-03-10;;18.27
1987-03-02;;16.43
1987-02-20;;17.83
1987-01-16;;19.13
1986-12-31;;17.93
1986-12-29;;17.65
1986-12-23;;16.93
1986-12-18;;16.28
1986-12-12;;16.13
1986-12-11;;15.49
1986-12-05;;15.14
1986-11-24;;14.98
1986-11-14;;15.68
1986-11-10;;15.3
1986-10-27;;14.4
1986-10-23;;14.88
1986-10-15;;14.83
1986-10-14;;14.55
1986-10-07;;15.6
1986-10-06;;14.83
1986-10-01;;15.23
1986-09-30;;14.7
1986-09-25;;14.28
1986-09-09;;15.0
1986-08-29;;15.93
1986-08-21;;15.23
1986-08-19;;14.98
1986-08-08;;14.83
1986-08-04;;14.0
1986-07-31;;11.23
1986-07-30;;11.73
1986-07-21;;13.07
1986-07-16;;12.68
1986-07-15;;11.85
1986-07-14;;11.23
1986-06-10;;12.38
1986-06-05;;13.21
1986-05-30;;14.3
1986-05-20;;16.18
1986-05-14;;15.53
1986-05-07;;15.13
1986-05-05;;14.32
1986-05-02;;14.65
1986-04-30;;13.38
1986-04-23;;13.7
1986-04-17;;11.75
1986-04-15;;12.72
1986-04-10;;13.45
1986-04-08;;12.83
1986-04-07;;14.39
1986-03-27;;11.35
1986-03-20;;12.75
1986-03-14;;12.55
1986-03-13;;12.6
1986-03-10;;12.94
1986-03-03;;11.98
1986-02-26;;14.62
1986-02-20;;14.13
1986-02-19;;15.08
1986-02-13;;16.43
1986-02-11;;16.28
1986-02-03;;17.42





